"author","depth","idFromTopicMessage","uniqueId"
"StenSoft",0,"zia1rh","t1_izqf02c"
"coffeemongrul",1,"zia1rh","t1_izqs7mf"
"mastereuclid",0,"zia1rh","t1_izqfjte"
"mastereuclid",1,"zia1rh","t1_izqfsil"
"cedrickc",2,"zia1rh","t1_izqrhw5"
"xSwagaSaurusRex",0,"zia1rh","t1_izqsbl4"
"Volko",0,"zi3yzn","t1_izq3kez"
"chaos750",0,"zi3yzn","t1_izq7q8n"
"andisiebe323",1,"zi3yzn","t1_izqbrvd"
"arjungmenon",1,"zi3yzn","t1_izqpx0c"
"JackoKomm",2,"zi3yzn","t1_izrjfgi"
"Mr_s3rius",0,"zi3yzn","t1_izpjrbm"
"andisiebe323",1,"zi3yzn","t1_izpkhfc"
"TheSunshinator",2,"zi3yzn","t1_izplsyf"
"andisiebe323",1,"zi3yzn","t1_izpy6kd"
"riomhchlaraitheoir",0,"zi3yzn","t1_izrhj1p"
"n0tKamui",0,"zi3yzn","t1_izri9zd"
"bitspittle",0,"zic3cp","t1_izqqtkc"
"priyankeshu",1,"zic3cp","t1_izqr65t"
"bitspittle",2,"zic3cp","t1_izqsjjw"
"movslikeswagger",0,"zic3cp","t1_izqm0o5"
"priyankeshu",1,"zic3cp","t1_izqmy8s"
"movslikeswagger",2,"zic3cp","t1_izqr0p9"
"priyankeshu",3,"zic3cp","t1_izqrdrb"
"ElyeProj",0,"zhm9ac","t1_izmwjtz"
"8bitlives",1,"zhm9ac","t1_izmxl10"
"SpiderHack",2,"zhm9ac","t1_izng246"
"bitspittle",3,"zhm9ac","t1_iznykly"
"captain_rex_kramer",4,"zhm9ac","t1_izocf8i"
"bitspittle",5,"zhm9ac","t1_izp4spp"
"JakeWharton",0,"zhdwsu","t1_izmdpdd"
"jug6ernaut",0,"zhdwsu","t1_izmnxfr"
"Determinant",1,"zhdwsu","t1_izmomrw"
"jug6ernaut",2,"zhdwsu","t1_izmp6mo"
"Determinant",3,"zhdwsu","t1_izmpyrx"
"sosickofandroid",1,"zhdwsu","t1_iznwpg5"
"jug6ernaut",2,"zhdwsu","t1_izolebi"
"sosickofandroid",3,"zhdwsu","t1_izon1ww"
"jug6ernaut",4,"zhdwsu","t1_izoqm9o"
"sosickofandroid",5,"zhdwsu","t1_izordpl"
"LewsTherinTelescope",6,"zhdwsu","t1_izqhn01"
"bobd60067",0,"zhsgj2","t1_iznofiw"
"xenomachina",1,"zhsgj2","t1_izobf1j"
"glieseg",0,"zhsgj2","t1_iznma7e"
"Lorrin2",0,"zhsgj2","t1_iznmh44"
"No-Cardiologist-6147",1,"zhsgj2","t1_iznncjq"
"Lorrin2",2,"zhsgj2","t1_iznnrs7"
"Dependent-Original57",0,"zhsgj2","t1_iznmj8u"
"chaos750",0,"zhsgj2","t1_iznnnvg"
"mmknightx",0,"zhsgj2","t1_iznnxjk"
"Rjbcc58",0,"zhsgj2","t1_iznrv8u"
"CorporalClegg25",0,"zhsgj2","t1_izoe896"
"dmcg",0,"zh2tpx","t1_izjw0tz"
"Determinant",1,"zh2tpx","t1_izl9yfo"
"dmcg",2,"zh2tpx","t1_izlaw1u"
"Determinant",3,"zh2tpx","t1_izlbv1v"
"dmcg",4,"zh2tpx","t1_izlcrdt"
"huevo-ranchero",0,"zh2tpx","t1_izn8k6o"
"dmcg",1,"zh2tpx","t1_izn8mwm"
"aplJackson",0,"zgsmsk","t1_izjd231"
"Nevoic",0,"zgsmsk","t1_izit4p9"
"thanhlenguyen",1,"zgsmsk","t1_izjdzrs"
"wolf129",1,"zgsmsk","t1_izmwszi"
"igo_rs",1,"zgsmsk","t1_izjag70"
"verydumbdev",2,"zgsmsk","t1_izp39ot"
"igo_rs",3,"zgsmsk","t1_izp8xn8"
"sosickofandroid",0,"zgsmsk","t1_iziop53"
"thanhlenguyen",1,"zgsmsk","t1_izjdaa6"
"pakoito",1,"zgsmsk","t1_izj312u"
"sosickofandroid",2,"zgsmsk","t1_izjay1k"
"pakoito",3,"zgsmsk","t1_izjh5bm"
"gitaroktato",1,"zgsmsk","t1_izioucj"
"ibcoleman",0,"zgsmsk","t1_izj0iju"
"Mr_s3rius",0,"zgsmsk","t1_izj6vb5"
"MrXplicit",0,"zgsmsk","t1_izika37"
"gitaroktato",1,"zgsmsk","t1_izioz2u"
"unverifiable_user",2,"zgsmsk","t1_izitxge"
"MrXplicit",2,"zgsmsk","t1_izj0cnv"
"Droid2Win",0,"zgsmsk","t1_izilr9k"
"thanhlenguyen",0,"zgsmsk","t1_izit6eu"
"fjonk",1,"zgsmsk","t1_izj65i6"
"thanhlenguyen",2,"zgsmsk","t1_izjdf3e"
"fjonk",3,"zgsmsk","t1_izjf6ne"
"thanhlenguyen",4,"zgsmsk","t1_izjgik4"
"nicotinum",0,"zgsmsk","t1_iziz7sd"
"petrus_hoc",0,"zgsmsk","t1_izn8ylm"
"wolf129",0,"zgsmsk","t1_izmw8v3"
"shalva97",0,"zgujhh","t1_izje3k2"
"mhashim6",1,"zgujhh","t1_izmtt76"
"R0b3rt1337",0,"zgujhh","t1_izjidgc"
"mhashim6",1,"zgujhh","t1_izmul1f"
"impulse2562",0,"zhs1uz","t1_iznkbno"
"No-Cardiologist-6147",1,"zhs1uz","t1_iznl8uf"
"A2Z786",0,"zhs1uz","t1_iznkgrq"
"SpitFire92",0,"zhs1uz","t1_iznl9tl"
"No-Cardiologist-6147",1,"zhs1uz","t1_iznlz6x"
"SpitFire92",2,"zhs1uz","t1_iznoubh"
"IQueryVisiC",0,"zhs1uz","t1_izoitwx"
"borkusgod",0,"zgqqgh","t1_izjjpud"
"martypants760",0,"zgqqgh","t1_izmna6t"
"bradtheblegger",1,"zgqqgh","t1_izn91ts"
"troelsbjerre",0,"zgzwtk","t1_izjmi7w"
"shalva97",1,"zgzwtk","t1_izkgu95"
"TheMrMilchmann",2,"zgzwtk","t1_izm9ty8"
"avwie",2,"zgzwtk","t1_izmums7"
"troelsbjerre",3,"zgzwtk","t1_izn79ay"
"troelsbjerre",2,"zgzwtk","t1_izn1kp2"
"k0enf0rNL",0,"zgzwtk","t1_izjl0j3"
"shalva97",1,"zgzwtk","t1_izkctb8"
"adamr_",2,"zgzwtk","t1_izkmp80"
"k0enf0rNL",2,"zgzwtk","t1_izkp7lq"
"Zentrosis",0,"zgzwtk","t1_izjevjz"
"shalva97",1,"zgzwtk","t1_izkgjof"
"Zentrosis",2,"zgzwtk","t1_izkgsb0"
"n0tKamui",0,"zgzwtk","t1_izjsgxa"
"shalva97",1,"zgzwtk","t1_izkdpbc"
"n0tKamui",2,"zgzwtk","t1_izkew24"
"shalva97",3,"zgzwtk","t1_izkggdk"
"n0tKamui",3,"zgzwtk","t1_izltgo6"
"mberkay13",0,"zfvl1r","t1_izf4g5n"
"snorbii",0,"zfvl1r","t1_izfl4zb"
"SeekDaSky",1,"zfvl1r","t1_izfo8wi"
"trialbaloon",2,"zfvl1r","t1_izgdoie"
"xSwagaSaurusRex",0,"zg6huw","t1_izfhvre"
"Strum355",0,"zgbgkq","t1_izgtq4f"
"thomascgalvin",1,"zgbgkq","t1_izh30mk"
"Valuable-Kitchen-301",2,"zgbgkq","t1_izhgars"
"egor4nd",2,"zgbgkq","t1_iziwxie"
"thomascgalvin",3,"zgbgkq","t1_izj6xau"
"tegnatiek",0,"zgbgkq","t1_izhtna3"
"Daebuir",0,"zgbgkq","t1_izg43ss"
"IncreaseObvious",1,"zgbgkq","t1_izh984q"
"Daebuir",2,"zgbgkq","t1_izhjpen"
"Dilfer",0,"zgbgkq","t1_izh57py"
"Valuable-Kitchen-301",0,"zgbgkq","t1_izhghrv"
"EaseMajestic7476",0,"zfwhir","t1_izdzk51"
"LockShitDown",0,"zfgd16","t1_izcuetz"
"Santochi",0,"zfgd16","t1_izch47c"
"zimajones",1,"zfgd16","t1_izdycx3"
"nixyp",0,"zfgd16","t1_izdq8ml"
"svprdga",0,"zfgd16","t1_izete6d"
"tech-learner-maker",0,"zfgd16","t1_izdbtqq"
"Dodging12",1,"zfgd16","t1_izdm22v"
"tech-learner-maker",2,"zfgd16","t1_izdswtn"
"Kainotomiu",0,"zev2ev","t1_iz8qzig"
"vqrs",1,"zev2ev","t1_iza4gow"
"OctagonClock",2,"zev2ev","t1_izabnpv"
"ragnese",2,"zev2ev","t1_izae7t1"
"Feztopia",0,"zev2ev","t1_iz93v0y"
"joe_fishfish",0,"zev2ev","t1_iz941mi"
"wolf129",0,"zev2ev","t1_iz9ifls"
"MrHartreeFock",1,"zev2ev","t1_iz9pz2v"
"wolf129",2,"zev2ev","t1_iza502h"
"chumplstiltskin",0,"zev2ev","t1_izambk2"
"trialbaloon",1,"zev2ev","t1_izbjfxf"
"chumplstiltskin",2,"zev2ev","t1_izbpjgj"
"AngusMcBurger",0,"zev2ev","t1_izarbhf"
"Mr_s3rius",1,"zev2ev","t1_izbsgjk"
"alexmelyon",0,"zev2ev","t1_izc7ma8"
"patkun01",0,"zewq9i","t1_izgnyez"
"haroldjaap",0,"zew5gy","t1_iza5pby"
"EaseMajestic7476",1,"zew5gy","t1_izeyrmf"
"haroldjaap",2,"zew5gy","t1_izf06e7"
"borkusgod",0,"zew5gy","t1_iz8va0i"
"mastereuclid",0,"zew5gy","t1_izd7khv"
"EaseMajestic7476",1,"zew5gy","t1_izeylok"
"Cilph",0,"zew5gy","t1_izel1re"
"pdxbuckets",0,"zew5gy","t1_izhmetr"
"Yanivkr7",0,"zew5gy","t1_iz8wv8e"
